Item Name, Item Link
Hollow Knight King's Brand silver pendant - video game cosplay jewelry - necklace,/gp/slredirect/picassoRedirect.html/ref=pa_sp_atf_aps_sr_pg1_1?ie=UTF8&adId=A057490980SJN24VFPVU&url=%2FHollow-Knight-Kings-silver-pendant%2Fdp%2FB07KQJZHB2%2Fref%3Dsr_1_1_sspa%3Fdchild%3D1%26keywords%3Dhollow%2Bknight%26qid%3D1596082177%26sr%3D8-1-spons%26psc%3D1&qualifier=1596082176&id=497834689985957&widgetName=sp_atf
Hollow Knight - Nintendo Switch [Digital Code],/Hollow-Knight-Nintendo-Switch-Digital/dp/B07FCVQFHV/ref=sr_1_2?dchild=1&keywords=hollow+knight&qid=1596082177&sr=8-2
Hollow Knight (PS4),/Hollow-Knight-PS4-playstation-4/dp/B07QBLYTYX/ref=sr_1_3?dchild=1&keywords=hollow+knight&qid=1596082177&sr=8-3
SYUSAMA Hollow Knights The Knight Stuffed Plush Toy Doll 12'',/SYUSAMA-Hollow-Knights-Knight-Stuffed/dp/B07WJRH2SL/ref=sr_1_4?dchild=1&keywords=hollow+knight&qid=1596082177&sr=8-4
Hollow Knight - Nintendo Switch,/Hollow-Knight-Nintendo-Switch/dp/B07SG7MQZF/ref=sr_1_5?dchild=1&keywords=hollow+knight&qid=1596082177&sr=8-5
Hollow Knight Collectors Edition for Nintendo Switch,/Hollow-Knight-Collectors-Nintendo-Switch/dp/B07SN6BY2C/ref=sr_1_6?dchild=1&keywords=hollow+knight&qid=1596082177&sr=8-6
HOLLOW KNIGHT [E10],/HOLLOW-KNIGHT-E10-Sony-PlayStation-4/dp/B07TKY9N62/ref=sr_1_7?dchild=1&keywords=hollow+knight&qid=1596082177&sr=8-7
Hollow Knight: Collector's Edition - Sony PlayStation 4,/Hollow-Knight-Collectors-Sony-PlayStation-PS4/dp/B07XDD2W6N/ref=sr_1_8?dchild=1&keywords=hollow+knight&qid=1596082177&sr=8-8
Amke Unisex Hollow Knight 3D Print Hoodie Game Hobby Pullover Sweatshirt,/Amke-Unisex-Hollow-Pullover-Sweatshirt/dp/B07PWSVKVF/ref=sr_1_9?dchild=1&keywords=hollow+knight&qid=1596082177&sr=8-9
Fangamer Hollow Knight for NINTENDO SWITCH REGION FREE JAPANESE VERSION,/Fangamer-Hollow-Knight-NINTENDO-JAPANESE-VERSION/dp/B07XSRNZJ8/ref=sr_1_10?dchild=1&keywords=hollow+knight&qid=1596082177&sr=8-10
kipochi Map Cherry Team Hallow Hallownest Knight Area Hollow Areas - Gift for Home Decor Wall Art Print Poster,/kipochi-Cherry-Hallow-Hallownest-Knight/dp/B088FWJ2MZ/ref=sr_1_11?dchild=1&keywords=hollow+knight&qid=1596082177&sr=8-11
Hollow Knight Wanderer's Journal,/Hollow-Knight-Wanderers-Journal-Kari/dp/1945908769/ref=sr_1_12?dchild=1&keywords=hollow+knight&qid=1596082177&sr=8-12
HLZG Hollow Knight Brooch Pin Cosplay Costume Toy (Color 1 m),/HLZG-Hollow-Knight-Cosplay-Costume/dp/B081GH3JJN/ref=sr_1_13?dchild=1&keywords=hollow+knight&qid=1596082177&sr=8-13
Hollow Knight Inspired Painting 11 Oz White Ceramic.11 Oz Mugs Made Of Durable Ceramic With An Easy Grip Handle.This Coffee Mug Has A Hefty But Classic Feel.,/gp/slredirect/picassoRedirect.html/ref=pa_sp_mtf_aps_sr_pg1_1?ie=UTF8&adId=A04068542CRMVYZ8JSWUK&url=%2FInspired-Painting-Ceramic-11-Durable-Handle-This%2Fdp%2FB07PLFP4DC%2Fref%3Dsr_1_14_sspa%3Fdchild%3D1%26keywords%3Dhollow%2Bknight%26qid%3D1596082177%26sr%3D8-14-spons%26psc%3D1&qualifier=1596082176&id=497834689985957&widgetName=sp_mtf
Hollow Knight Inspired Painting 15 Oz Ceramic Glossy Mugs Gift For Coffee Lover Unique Coffee Mug Coffee Cup. 15 Oz Ceramic Glossy Mugs Gift For Coffee Lover,/gp/slredirect/picassoRedirect.html/ref=pa_sp_mtf_aps_sr_pg1_1?ie=UTF8&adId=A0406698UNIMX50DORU6&url=%2FHollow-Knight-Inspired-Painting-Ceramic%2Fdp%2FB07Q2H11F2%2Fref%3Dsr_1_15_sspa%3Fdchild%3D1%26keywords%3Dhollow%2Bknight%26qid%3D1596082177%26sr%3D8-15-spons%26psc%3D1&qualifier=1596082176&id=497834689985957&widgetName=sp_mtf
Hollow Knight - Minimal Art. 11 Oz Mugs Made Of Durable Ceramic With An Easy Grip Handle.This Coffee Mug Has A Hefty But Classic Feel,/gp/slredirect/picassoRedirect.html/ref=pa_sp_mtf_aps_sr_pg1_1?ie=UTF8&adId=A07134877ZQKDI538RDR&url=%2FHollow-Knight-Minimal-Durable-Handle-This%2Fdp%2FB07Q1MHJX5%2Fref%3Dsr_1_16_sspa%3Fdchild%3D1%26keywords%3Dhollow%2Bknight%26qid%3D1596082177%26sr%3D8-16-spons%26psc%3D1&qualifier=1596082176&id=497834689985957&widgetName=sp_mtf
Yacht Club Games Shovel Knight Treasure Trove 3-Pack - Nintendo Switch,/Yacht-Games-Shovel-Knight-Treasure-3-Pack/dp/B075XT9XDT/ref=sr_1_17?dchild=1&keywords=hollow+knight&qid=1596082177&sr=8-17
Hollow Knight Playthrough With Mojo Matt,/Fog-Canyon/dp/B07LFNH66M/ref=sr_1_18?dchild=1&keywords=hollow+knight&qid=1596082177&sr=8-18
IPLD Hollow Knight Plush and Game Cosplay Kechain Necklace Anime Costume Pin Pendant,/IPLD-Cosplay-Kechain-Necklace-Costume/dp/B088WTW2VQ/ref=sr_1_19?dchild=1&keywords=hollow+knight&qid=1596082177&sr=8-19
Hollow Knight Original Soundtrack - Limited Edition Picture Disc 2X LP Vinyl,/Hollow-Knight-Original-Soundtrack-Limited/dp/B07RWDS264/ref=sr_1_20?dchild=1&keywords=hollow+knight&qid=1596082177&sr=8-20
Hollow Knight Map The Game Poster Decoration Painting of The on HD Canvas canvas Of Hallownest poster wall art canvas-60X90cm No Frame,/Hollow-Decoration-Painting-Hallownest-canvas-60X90cm/dp/B0859DFM39/ref=sr_1_21?dchild=1&keywords=hollow+knight&qid=1596082177&sr=8-21
Hollow Knight poster room decor,/Hollow-Knight-poster-room-decor/dp/B081KW4VYQ/ref=sr_1_22?dchild=1&keywords=hollow+knight&qid=1596082177&sr=8-22
Glowddm Unisex Ho-llow Brave Knight 3D Backpack Daypacks School Bag Shoulder Bag Bookbag for Women Men Kids,/Glowddm-Ho-llow-Backpack-Daypacks-Shoulder/dp/B07VMF2X4N/ref=sr_1_23?dchild=1&keywords=hollow+knight&qid=1596082177&sr=8-23
Hollow Knight Game Poster Prints Wall Art Decor Unframed32x22 16x12 InchesMultiple Patterns Available,/Hollow-Unframed-Multiple-Patterns-Available/dp/B07ZVXXQZJ/ref=sr_1_24?dchild=1&keywords=hollow+knight&qid=1596082177&sr=8-24
WYMDDYM Game Hollow Knight Plush Pillows Plush Toys Game Related Toys Including 1 Same Style Character Pin (Hornet),/WYMDDYM-Pillows-Related-Including-Character/dp/B081BGMD79/ref=sr_1_25?dchild=1&keywords=hollow+knight&qid=1596082177&sr=8-25
TFY Car Headrest Mount Silicon Holder for Game Machine Nintendo Switch and Other tablets,/Headrest-Silicon-Machine-Nintendo-Switch-tablets/dp/B07BLK1BBH/ref=sr_1_26?dchild=1&keywords=hollow+knight&qid=1596082177&sr=8-26
Hollow Knight Piano Collections - Sheet Music from the Game,/Hollow-Knight-Piano-Collections-Sheet/dp/1946810118/ref=sr_1_27?dchild=1&keywords=hollow+knight&qid=1596082177&sr=8-27
Clip: Ori and the Blind Forest Gameplay,/Clip-Sunken-Glades/dp/B01M4RS06L/ref=sr_1_28?dchild=1&keywords=hollow+knight&qid=1596082177&sr=8-28
The Hollow Knight. 11 Oz Mugs Makes The Perfect Gift For Everyone. 11 Oz Ceramic Coffee Mugs With C-shape Handle Comfortable To Hold,/gp/slredirect/picassoRedirect.html/ref=pa_sp_mtf_aps_sr_pg1_1?ie=UTF8&adId=A09000482ZS5I9KIHKDWM&url=%2FKnight-Perfect-Everyone-Coffee-Comfortable%2Fdp%2FB07PRP8RZD%2Fref%3Dsr_1_29_sspa%3Fdchild%3D1%26keywords%3Dhollow%2Bknight%26qid%3D1596082177%26sr%3D8-29-spons%26psc%3D1&qualifier=1596082176&id=497834689985957&widgetName=sp_mtf
The Hollow Knight. 15 Oz Mugs Made Of Durable Ceramic With An Easy Grip Handle.This Coffee Mug Has A Hefty But Classic Feel,/gp/slredirect/picassoRedirect.html/ref=pa_sp_mtf_aps_sr_pg1_1?ie=UTF8&adId=A0899892LJ42I18548H0&url=%2FKnight-Durable-Ceramic-Handle-This-Coffee%2Fdp%2FB07Q7Y4TST%2Fref%3Dsr_1_30_sspa%3Fdchild%3D1%26keywords%3Dhollow%2Bknight%26qid%3D1596082177%26sr%3D8-30-spons%26psc%3D1&qualifier=1596082176&id=497834689985957&widgetName=sp_mtf
Unisex T-Shirt Hollow Knight Shirts For Men Women Perfect Fathers Day Friends,/gp/slredirect/picassoRedirect.html/ref=pa_sp_mtf_aps_sr_pg1_1?ie=UTF8&adId=A0005897197TBM7RT95XS&url=%2FUnisex-T-Shirt-Perfect-Fathers-Friends%2Fdp%2FB088HDHM7T%2Fref%3Dsr_1_31_sspa%3Fdchild%3D1%26keywords%3Dhollow%2Bknight%26qid%3D1596082177%26sr%3D8-31-spons%26psc%3D1&qualifier=1596082176&id=497834689985957&widgetName=sp_mtf
IPLD 5 pcs Hollow Knight PinsGame Character Hornet CostumeCollection Decorations Bright ColorBrooch Red,/IPLD-Character-CostumeCollection-Decorations-ColorBrooch/dp/B0899XK3FV/ref=sr_1_32?dchild=1&keywords=hollow+knight&qid=1596082177&sr=8-32
WYMDDYM Game Hollow Knight Plush Pillows Plush Toys Game Related Toys Including Same Style Character Pin (HollowKnight),/WYMDDYM-Pillows-Including-Character-HollowKnight/dp/B0841XTN4W/ref=sr_1_33?dchild=1&keywords=hollow+knight&qid=1596082177&sr=8-33
Dead Cells - Action Game of The Year - Nintendo Switch,/Dead-Cells-Action-Game-Nintendo-Switch/dp/B07SSV287J/ref=sr_1_34?dchild=1&keywords=hollow+knight&qid=1596082177&sr=8-34
Hollow Knight,/Hollow-Knight-weidenauer/dp/B07T7KSF7W/ref=sr_1_35?dchild=1&keywords=hollow+knight&qid=1596082177&sr=8-35
Listen with Music Unlimited,/Hollow-Knight-weidenauer/dp/B07T7KSF7W/ref=sr_1_35?dchild=1&keywords=hollow+knight&qid=1596082177&sr=8-35
Other1 Hollow Knight Mouth Mask - Reusable Dust Face Cover Printed Headband Adjustable Balaclava Masks Windproof for Women Men,/Other1-Hollow-Knight-Mouth-Mask/dp/B089W71XWK/ref=sr_1_36?dchild=1&keywords=hollow+knight&qid=1596082177&sr=8-36
Hollow Knight (Digital Download Code) with Knight Plush,/Hollow-Knight-Digital-Download-Plush-pc/dp/B07MKBP4H9/ref=sr_1_37?dchild=1&keywords=hollow+knight&qid=1596082177&sr=8-37
Hollow Knight Unisex Anti-dust Face Mouth Windproof Adjustable Washable Dust Face Shield with Filter White,/Hollow-Anti-dust-Windproof-Adjustable-Washable/dp/B087GFP2YB/ref=sr_1_38?dchild=1&keywords=hollow+knight&qid=1596082177&sr=8-38
Black Melody Hollow Knight Unisex Hoodie 3D Printed Hooded Pullover Sweatshirt for Men Women,/Black-Melody-Printed-Pullover-Sweatshirt/dp/B07YSDS8R9/ref=sr_1_39?dchild=1&keywords=hollow+knight&qid=1596082177&sr=8-39
Bowinr Hollow Knight Plush Toy 12 inch The Knight Stuffed Plush Toy Doll for Home Sofa Decor,/Bowinr-Hollow-Knight-Plush-Stuffed/dp/B07XXZ7KK1/ref=sr_1_40?dchild=1&keywords=hollow+knight&qid=1596082177&sr=8-40
Hollow Knight Vinyl Wall Clock Hollow Knight Design Gift for Any Occasion,/Hollow-Knight-Vinyl-Design-Occasion/dp/B07T3Y5CKH/ref=sr_1_41?dchild=1&keywords=hollow+knight&qid=1596082177&sr=8-41
The Way to Freedom: The Complete Season One (Books 1-5) Digital Boxed Set: (The Way to Freedom Omnibus Book 1),/Way-Freedom-Complete-Season-Books-ebook/dp/B00TVLFM20/ref=sr_1_42?dchild=1&keywords=hollow+knight&qid=1596082177&sr=8-42
Book 1 of 2: The Way to Freedom Omnibus,/dp/B07ZBJYSWL?searchxofy=true&ref_=dbs_s_aps_series_rwt
Satisfye - New Grip Accessories Compatible with Nintendo Switch - Comfortable & Ergonomic Grip Joy Con & Switch Control. #1 Switch Accessories Designed for Gamers. BONUS: 2 Thumbsticks,/Satisfye-Ultimate-Accessories-Comfortable-Ergonomic-Thumbsticks/dp/B07FNJJG5V/ref=sr_1_43?dchild=1&keywords=hollow+knight&qid=1596082177&sr=8-43
Fuguan Hollow Knight Pin Alloy Metal Characters Gaming Souvenir Collection Gift Backpack Bag Suit Badge,/Fuguan-Characters-Souvenir-Collection-Backpack/dp/B082MCR44X/ref=sr_1_44?dchild=1&keywords=hollow+knight&qid=1596082177&sr=8-44
Hollow Knight: Gods & Nightmares (Original Soundtrack),/Hollow-Knight-Nightmares-Original-Soundtrack/dp/B07KZ3ZP57/ref=sr_1_45?dchild=1&keywords=hollow+knight&qid=1596082177&sr=8-45
Relyea- Hollow Knight Merch T-Shirt,/Relyea-Hollow-Knight-Merch-T-Shirt/dp/B07Q5V8YM8/ref=sr_1_46?dchild=1&keywords=hollow+knight&qid=1596082177&sr=8-46
Hollow Knight: Collector's Edition - PC-DVD,/Hollow-Knight-Collectors-PC-DVD/dp/B07XC965ZQ/ref=sr_1_47?dchild=1&keywords=hollow+knight&qid=1596082177&sr=8-47
Big Lens store Hollow Knight Stickers (3 Pcs/Pack),/Big-Lens-store-Hollow-Stickers/dp/B07YMRLZZZ/ref=sr_1_48?dchild=1&keywords=hollow+knight&qid=1596082177&sr=8-48
Hollow Knight Alloy Metal Characters Keychain Pendant Including 1 Optional Hollow Knight Character Pin,/Characters-Keychain-Including-Optional-Character/dp/B07ZT37HWD/ref=sr_1_49?dchild=1&keywords=hollow+knight&qid=1596082177&sr=8-49
Hollow Knight Hornet Ultra Soft Sherpa Flannel Fleece Throw Blankets for Bed/Couch/Sofa/Living/Room/Bedroom Warm Blanket Coral Plush Throw for Kids/Adults/Women/Men 50"" x40,/Hollow-Flannel-Blankets-Bedroom-Blanket/dp/B082H2M5Y9/ref=sr_1_50?dchild=1&keywords=hollow+knight&qid=1596082177&sr=8-50
Owlboy Standard Edition - PlayStation 4,/Owlboy-Standard-PlayStation-4/dp/B07B14J3WJ/ref=sr_1_51?dchild=1&keywords=hollow+knight&qid=1596082177&sr=8-51
Hollow Knight Kingsoul charm silver pendant - video game cosplay jewelry - necklace,/Hollow-Knight-Kingsoul-silver-pendant/dp/B07KQKCXS8/ref=sr_1_52?dchild=1&keywords=hollow+knight&qid=1596082177&sr=8-52
Super Mario Party Gameplay With Mojo Matt,/Ghostly-Hollow/dp/B07J64MMT2/ref=sr_1_53?dchild=1&keywords=hollow+knight&qid=1596082177&sr=8-53
Rules for a Knight,/Rules-Knight-Ethan-Hawke/dp/0307962334/ref=sr_1_54?dchild=1&keywords=hollow+knight&qid=1596082177&sr=8-54
Happeitt Hollow Knight Wooden Jigsaw Puzzles 500 Pieces Jigsaw Puzzles Entertainment DIY Toys,/Happeitt-Hollow-Knight-Puzzles-Entertainment/dp/B08BC7YD7V/ref=sr_1_55?dchild=1&keywords=hollow+knight&qid=1596082177&sr=8-55
Waterc-Hollow-r Knight. 11 Oz Classic Coffee Mugs C-handle And Ceramic Construction. 11 Oz Mugs Makes The Perfect Gift For Everyone,/gp/slredirect/picassoRedirect.html/ref=pa_sp_btf_aps_sr_pg1_1?ie=UTF8&adId=A08544083T3JFRJ0LF7PV&url=%2FWaterc-Hollow-r-Coffee-C-handle-Construction-Everyone%2Fdp%2FB07PNF29JD%2Fref%3Dsr_1_56_sspa%3Fdchild%3D1%26keywords%3Dhollow%2Bknight%26qid%3D1596082177%26sr%3D8-56-spons%26psc%3D1&qualifier=1596082176&id=497834689985957&widgetName=sp_btf
Hollow Knight. 11 Oz Ceramic Glossy Mugs Gift For Coffee Lover Unique Coffee Mug Coffee Cup. 11 Oz Fine Ceramic Mug With Flawless Glaze Finish,/gp/slredirect/picassoRedirect.html/ref=pa_sp_btf_aps_sr_pg1_1?ie=UTF8&adId=A04459823OYQJJBBD5TJP&url=%2FHollow-Knight-Ceramic-Coffee-Flawless%2Fdp%2FB07Q18BVPC%2Fref%3Dsr_1_57_sspa%3Fdchild%3D1%26keywords%3Dhollow%2Bknight%26qid%3D1596082177%26sr%3D8-57-spons%26psc%3D1&qualifier=1596082176&id=497834689985957&widgetName=sp_btf
